,dataset_type,recall,precision,auroc,auprc,iteration,model_type
0,artificial_train,1.0,0.908256880733945,0.5210616806361488,0.589559955214863,1,SVM
1,train,0.1963470319634703,0.2792207792207792,0.3996811585731602,0.0533045145655046,1,SVM
2,val,0.22916666666666666,0.4074074074074074,0.3658297720797721,0.050873452073304085,1,SVM
3,test,0.2553191489361702,0.3157894736842105,0.36863291062619163,0.049793150579640566,1,SVM
0,artificial_train,1.0,0.9528301886792453,0.46952048145991077,0.5547878311692388,2,SVM
1,train,0.2009132420091324,0.2913907284768212,0.380483174886819,0.05062126928373906,2,SVM
2,val,0.20833333333333334,0.38461538461538464,0.3334817188983856,0.04675624502011805,2,SVM
3,test,0.2553191489361702,0.3333333333333333,0.3497775491056566,0.04727990106113466,2,SVM
0,artificial_train,1.0,0.9454545454545454,0.5031316160903316,0.5617756531812664,3,SVM
1,train,0.2054794520547945,0.29411764705882354,0.39179710495881226,0.05158536566852742,3,SVM
2,val,0.25,0.42857142857142855,0.340693257359924,0.047208565470023306,3,SVM
3,test,0.2765957446808511,0.34210526315789475,0.3738990950637088,0.04951113579167978,3,SVM
0,artificial_train,1.0,0.9292035398230089,0.48244552058111384,0.5375966038901698,4,SVM
1,train,0.2054794520547945,0.29605263157894735,0.3919745483543692,0.051671950252834616,4,SVM
2,val,0.25,0.4444444444444444,0.3389274691358025,0.04709594379476529,4,SVM
3,test,0.2765957446808511,0.35135135135135137,0.37165945340637385,0.04931212842006444,4,SVM
0,artificial_train,0.9811320754716981,0.9541284403669725,0.38315257762590993,0.47204712802033294,5,SVM
1,train,0.2100456621004566,0.3087248322147651,0.45540047234736036,0.07199802581162634,5,SVM
2,val,0.25,0.5,0.4050925925925926,0.06704281403105042,5,SVM
3,test,0.2765957446808511,0.35135135135135137,0.42976907478587206,0.06909990097547136,5,SVM
0,artificial_train,0.9722222222222222,0.963302752293578,0.36296296296296293,0.46602472313037374,6,SVM
1,train,0.2100456621004566,0.3150684931506849,0.38928158388062445,0.05140861203800611,6,SVM
2,val,0.25,0.5217391304347826,0.34303774928774927,0.04755633449590571,6,SVM
3,test,0.2765957446808511,0.35135135135135137,0.36733149723071334,0.04896206782960743,6,SVM
0,artificial_train,0.9545454545454546,0.9375,0.351462174189447,0.43630050286830024,7,SVM
1,train,0.2146118721461187,0.3263888888888889,0.4228998008458831,0.05638105210649894,7,SVM
2,val,0.25,0.5217391304347826,0.37894705603038936,0.05331522237165911,7,SVM
3,test,0.2765957446808511,0.3611111111111111,0.39402560455192037,0.053531091768336536,7,SVM
0,artificial_train,0.6756756756756757,0.974025974025974,0.3394381223328591,0.42632002355722526,8,SVM
1,train,0.1872146118721461,0.36283185840707965,0.4129685375463267,0.05418522123045931,8,SVM
2,val,0.25,0.5217391304347826,0.369747150997151,0.051551295593435284,8,SVM
3,test,0.2765957446808511,0.3611111111111111,0.38146545201416415,0.05102501356036846,8,SVM
0,artificial_train,0.6403508771929824,0.9864864864864865,0.3473187686196624,0.42706879786250224,9,SVM
1,train,0.1872146118721461,0.36936936936936937,0.3913107012980507,0.050544611810805176,9,SVM
2,val,0.25,0.5454545454545454,0.34277065527065526,0.047626693850509196,9,SVM
3,test,0.2765957446808511,0.3611111111111111,0.37087255228352656,0.04925666968477144,9,SVM
0,artificial_train,0.9396551724137931,0.8195488721804511,0.3752322940326244,0.42614541680259055,10,SVM
1,train,0.2146118721461187,0.3357142857142857,0.39313245349243386,0.051470541414510095,10,SVM
2,val,0.25,0.5454545454545454,0.3400551994301994,0.047307698643046986,10,SVM
3,test,0.2765957446808511,0.3611111111111111,0.3727792742350413,0.04945526535007813,10,SVM
0,artificial_train,0.6218487394957983,0.961038961038961,0.3708103931227663,0.41565162783687065,11,SVM
1,train,0.1917808219178082,0.375,0.3918618196089565,0.05056458568443098,11,SVM
2,val,0.25,0.5454545454545454,0.34382419278252613,0.047701753148175735,11,SVM
3,test,0.2765957446808511,0.37142857142857144,0.37520050845918707,0.04969867852493358,11,SVM
0,artificial_train,0.6050420168067226,0.96,0.38148520277676284,0.41140327679782057,12,SVM
1,train,0.1917808219178082,0.3783783783783784,0.3892064313836827,0.050994457929138426,12,SVM
2,val,0.25,0.5454545454545454,0.34235517568850904,0.04755353883182987,12,SVM
3,test,0.2765957446808511,0.37142857142857144,0.36978299688266086,0.049077731655421675,12,SVM
0,artificial_train,0.5166666666666667,0.96875,0.3435233160621762,0.36116550470756015,13,SVM
1,train,0.182648401826484,0.4,0.40551034808131503,0.05263321971245209,13,SVM
2,val,0.25,0.6,0.36309947768281103,0.05018607363651474,13,SVM
3,test,0.2765957446808511,0.3939393939393939,0.3719469749704912,0.04919545871455123,13,SVM
0,artificial_train,0.45901639344262296,0.9824561403508771,0.3454856863224859,0.3563150999299517,14,SVM
1,train,0.1643835616438356,0.3870967741935484,0.41926812601682023,0.05559122339420946,14,SVM
2,val,0.1875,0.5294117647058824,0.37099358974358976,0.051939318847034274,14,SVM
3,test,0.2765957446808511,0.41935483870967744,0.3860355316122393,0.052134719523905484,14,SVM
0,artificial_train,0.515625,0.9565217391304348,0.3695884146341464,0.3860612168106411,15,SVM
1,train,0.1735159817351598,0.3958333333333333,0.39052995035760063,0.05101143792813696,15,SVM
2,val,0.20833333333333334,0.5263157894736842,0.34455128205128205,0.04780863908656813,15,SVM
3,test,0.2765957446808511,0.38235294117647056,0.3613692079537545,0.04832521879384533,15,SVM
0,artificial_train,0.49612403100775193,0.9696969696969697,0.36519234948924145,0.37109638019153696,16,SVM
1,train,0.1689497716894977,0.40217391304347827,0.39424582381749634,0.05104884387541634,16,SVM
2,val,0.10416666666666667,0.35714285714285715,0.34965574548907885,0.048437740824515324,16,SVM
3,test,0.2553191489361702,0.4,0.3661511455464423,0.04897178128655076,16,SVM
0,artificial_train,0.4962962962962963,0.8481012658227848,0.36739721372748896,0.38039781896449976,17,SVM
1,train,0.1278538812785388,0.34146341463414637,0.38976242068976075,0.05086320935449296,17,SVM
2,val,0.10416666666666667,0.35714285714285715,0.3402777777777778,0.04738297172358088,17,SVM
3,test,0.2127659574468085,0.3448275862068966,0.36173239308737626,0.04850465996065775,17,SVM
0,artificial_train,0.4397163120567376,0.96875,0.33914765829659443,0.36727609349354345,18,SVM
1,train,0.1506849315068493,0.39759036144578314,0.39780791300124274,0.05144241590126903,18,SVM
2,val,0.10416666666666667,0.35714285714285715,0.349269943019943,0.04835584295272541,18,SVM
3,test,0.23404255319148937,0.36666666666666664,0.3783783783783784,0.05043972985504527,18,SVM
0,artificial_train,0.40816326530612246,0.967741935483871,0.3353199686954428,0.3670061157903652,19,SVM
1,train,0.1232876712328767,0.35064935064935066,0.4124076772450765,0.05377696801789275,19,SVM
2,val,0.10416666666666667,0.35714285714285715,0.3604582146248813,0.04973540918133547,19,SVM
3,test,0.2127659574468085,0.3448275862068966,0.3795284646348476,0.0506247619256858,19,SVM
0,artificial_train,0.5935483870967742,0.8288288288288288,0.35901245048104136,0.3895030519553905,20,SVM
1,train,0.1598173515981735,0.39325842696629215,0.3978538395271516,0.05187643590698385,20,SVM
2,val,0.10416666666666667,0.35714285714285715,0.3449667616334283,0.047845712439864296,20,SVM
3,test,0.2553191489361702,0.375,0.3671801700917043,0.049057927184585126,20,SVM
0,artificial_train,0.6335403726708074,0.8947368421052632,0.37947097879631614,0.3972543930596364,21,SVM
1,train,0.1689497716894977,0.4111111111111111,0.401088876177911,0.0522428910759863,21,SVM
2,val,0.10416666666666667,0.35714285714285715,0.3457235280151947,0.04788947546018292,21,SVM
3,test,0.2553191489361702,0.375,0.3691928210405254,0.04928325957152166,21,SVM
0,artificial_train,0.4759036144578313,0.8681318681318682,0.33492196634639826,0.38389483739546876,22,SVM
1,train,0.1415525114155251,0.36904761904761907,0.39696453498000805,0.05176404276190111,22,SVM
2,val,0.10416666666666667,0.35714285714285715,0.34259259259259256,0.047581193392016816,22,SVM
3,test,0.23404255319148937,0.3548387096774194,0.3712962682727521,0.04952091714524398,22,SVM
0,artificial_train,0.3160919540229885,0.9649122807017544,0.29244216803732026,0.36543343896796143,23,SVM
1,train,0.0867579908675799,0.2835820895522388,0.4699612686298169,0.0879361220023955,23,SVM
2,val,0.0625,0.25,0.42862654320987653,0.0966912489511884,23,SVM
3,test,0.1702127659574468,0.32,0.43170606216518875,0.08596687326716745,23,SVM
0,artificial_train,0.521978021978022,0.9047619047619048,0.36820026446582466,0.40194628057129644,24,SVM
1,train,0.1506849315068493,0.38823529411764707,0.41174800532747696,0.05333714838571951,24,SVM
2,val,0.10416666666666667,0.35714285714285715,0.3667646011396012,0.05056230968601567,24,SVM
3,test,0.2553191489361702,0.375,0.38792712084985326,0.051712639231847976,24,SVM
0,artificial_train,0.42780748663101603,0.9195402298850575,0.31252989000478243,0.38288773467026616,25,SVM
1,train,0.1324200913242009,0.3625,0.46304654305472637,0.07364966247292264,25,SVM
2,val,0.10416666666666667,0.35714285714285715,0.42283950617283944,0.07904704017695333,25,SVM
3,test,0.23404255319148937,0.36666666666666664,0.4173299839593233,0.06396917756010936,25,SVM
0,artificial_train,0.5969387755102041,0.9140625,0.39123564405519295,0.41523093493850527,26,SVM
1,train,0.1598173515981735,0.40229885057471265,0.40608512551162845,0.052410765548545825,26,SVM
2,val,0.10416666666666667,0.35714285714285715,0.3626246438746439,0.04995836076118318,26,SVM
3,test,0.2553191489361702,0.375,0.38016403861868586,0.050661406555491034,26,SVM
0,artificial_train,0.6884422110552764,0.8253012048192772,0.4072231234914731,0.42003915767421496,27,SVM
1,train,0.1735159817351598,0.40425531914893614,0.4213222942665603,0.05490120013532898,27,SVM
2,val,0.125,0.4,0.35870726495726496,0.04944062708939288,27,SVM
3,test,0.2553191489361702,0.375,0.3883811022668805,0.051752160494263955,27,SVM
0,artificial_train,0.6218905472636815,0.9191176470588235,0.4017412935323383,0.4096981953288791,28,SVM
1,train,0.1643835616438356,0.4090909090909091,0.42154148904930705,0.05503502594533551,28,SVM
2,val,0.10416666666666667,0.35714285714285715,0.3662155745489079,0.05064725855405681,28,SVM
3,test,0.2553191489361702,0.375,0.39214914802820733,0.05238799517421126,28,SVM
0,artificial_train,0.9368932038834952,0.6655172413793103,0.4407839714919458,0.42960460646261617,29,SVM
1,train,0.2146118721461187,0.376,0.40472124686342703,0.0524932454540112,29,SVM
2,val,0.125,0.4,0.3503679962013295,0.04842966635038331,29,SVM
3,test,0.2553191489361702,0.375,0.3821010259980025,0.05081705565303778,29,SVM
0,artificial_train,0.6559139784946236,0.9242424242424242,0.5098924731182795,0.4873019912297867,1,KNN
1,train,0.1324200913242009,0.13004484304932734,0.4556614185172969,0.057614133196363326,1,KNN
2,val,0.1875,0.1956521739130435,0.3823599240265907,0.052373810782241015,1,KNN
3,test,0.0425531914893617,0.03225806451612903,0.4733664235343966,0.05958407952024973,1,KNN
0,artificial_train,0.6559139784946236,0.9242424242424242,0.5098729227761486,0.4646005678547144,2,KNN
1,train,0.0776255707762557,0.1223021582733813,0.5201074680706267,0.06533165460971706,2,KNN
2,val,0.0625,0.13636363636363635,0.49516263057929727,0.06373806160882431,2,KNN
3,test,0.02127659574468085,0.030303030303030304,0.5813232045034956,0.07433728284359875,2,KNN
0,artificial_train,0.6344086021505376,0.921875,0.49973118279569884,0.43979848756597384,3,KNN
1,train,0.0730593607305936,0.13793103448275862,0.5218283210793012,0.06563001471687152,3,KNN
2,val,0.041666666666666664,0.11764705882352941,0.49832324311490983,0.06387520295963015,3,KNN
3,test,0.0,0.0,0.5713053479010926,0.07271372440037675,3,KNN
0,artificial_train,0.6344086021505376,0.921875,0.4884615384615384,0.4115926508764134,4,KNN
1,train,0.0730593607305936,0.14545454545454545,0.5195542621903613,0.0652025262662044,4,KNN
2,val,0.041666666666666664,0.13333333333333333,0.5286087369420703,0.06789195597469845,4,KNN
3,test,0.0,0.0,0.5780545383008989,0.07376609836537339,4,KNN
0,artificial_train,0.6170212765957447,0.9206349206349206,0.47619776519210166,0.39445413195787715,5,KNN
1,train,0.0958904109589041,0.1826086956521739,0.4253290357238786,0.055165423788276165,5,KNN
2,val,0.0625,0.2,0.4110873694207028,0.05560634095399924,5,KNN
3,test,0.0,0.0,0.43977179867437427,0.056558237332087695,5,KNN
0,artificial_train,0.5957446808510638,0.9180327868852459,0.4365272026274454,0.35837419810061966,6,KNN
1,train,0.0821917808219178,0.1956521739130435,0.40807805839349015,0.05374885837759287,6,KNN
2,val,0.020833333333333332,0.1,0.43497744539411204,0.05711753055214137,6,KNN
3,test,0.0,0.0,0.42972367664416933,0.055668505221273,6,KNN
0,artificial_train,0.5789473684210527,0.9322033898305084,0.4451032644903397,0.351949104523835,7,KNN
1,train,0.0821917808219178,0.21428571428571427,0.39005398454363643,0.05247074596881507,7,KNN
2,val,0.020833333333333332,0.125,0.4274097815764482,0.056410537348542726,7,KNN
3,test,0.0,0.0,0.4055869979722163,0.05382606928695659,7,KNN
0,artificial_train,0.5463917525773195,0.9137931034482759,0.4331760029809961,0.3399383844499023,8,KNN
1,train,0.045662100456621,0.14285714285714285,0.38757464800101316,0.05203768731212676,8,KNN
2,val,0.0,0.0,0.42788461538461536,0.056476190476190485,8,KNN
3,test,0.0,0.0,0.4132744166338791,0.05468636451794445,8,KNN
0,artificial_train,0.5454545454545454,0.9152542372881356,0.4258388482526414,0.33098144271977037,9,KNN
1,train,0.0502283105022831,0.1527777777777778,0.3912515534995316,0.052192972376544716,9,KNN
2,val,0.0,0.0,0.434443257359924,0.057047843817591926,9,KNN
3,test,0.0,0.0,0.4187827244938107,0.0551047666039967,9,KNN
0,artificial_train,0.5252525252525253,0.9122807017543859,0.42108585858585856,0.31704138108121926,10,KNN
1,train,0.0502283105022831,0.15714285714285714,0.3921325077692373,0.05227132041844733,10,KNN
2,val,0.0,0.0,0.4249169040835708,0.05618649193548387,10,KNN
3,test,0.0,0.0,0.4125934445083381,0.05458231614291978,10,KNN
0,artificial_train,0.52,0.9122807017543859,0.4061139896373057,0.3036577910368321,11,KNN
1,train,0.0502283105022831,0.15942028985507245,0.39797631026290853,0.052711044127250216,11,KNN
2,val,0.0,0.0,0.42450142450142453,0.05611619880349747,11,KNN
3,test,0.0,0.0,0.4254411186102115,0.05545871374277489,11,KNN
0,artificial_train,0.5,0.9107142857142857,0.4067895815042435,0.3004536549706294,12,KNN
1,train,0.0502283105022831,0.16176470588235295,0.3990277493636393,0.05273821982177092,12,KNN
2,val,0.0,0.0,0.40941061253561256,0.05471380491010855,12,KNN
3,test,0.0,0.0,0.4223843104022275,0.0552046334958474,12,KNN
0,artificial_train,0.49038461538461536,0.9107142857142857,0.410287081339713,0.2964509310355956,13,KNN
1,train,0.0593607305936073,0.18840579710144928,0.39706056317054467,0.05258988544958328,13,KNN
2,val,0.0,0.0,0.39749525166191835,0.05364420464189226,13,KNN
3,test,0.0,0.0,0.41975121818346905,0.05500473521660534,13,KNN
0,artificial_train,0.49056603773584906,0.9122807017543859,0.40213894443961395,0.2901934134222045,14,KNN
1,train,0.0684931506849315,0.23076923076923078,0.38801025414069384,0.051695904627926254,14,KNN
2,val,0.041666666666666664,0.25,0.3975842830009496,0.05399964364156234,14,KNN
3,test,0.0,0.0,0.4069489422232983,0.05380679265230606,14,KNN
0,artificial_train,0.5045871559633027,0.9166666666666666,0.39779243119266056,0.2879928221694375,15,KNN
1,train,0.1461187214611872,0.37209302325581395,0.2857896370273569,0.04582806579904327,15,KNN
2,val,0.041666666666666664,0.25,0.2524186847103514,0.04571580666307681,15,KNN
3,test,0.02127659574468085,0.05555555555555555,0.22234496534608514,0.044613939368814005,15,KNN
0,artificial_train,0.5089285714285714,0.9193548387096774,0.4012832405689549,0.2882336382828994,16,KNN
1,train,0.1095890410958904,0.3287671232876712,0.28043362990735365,0.04559420511113586,16,KNN
2,val,0.020833333333333332,0.14285714285714285,0.2379510921177588,0.04516625767783578,16,KNN
3,test,0.0,0.0,0.22267788505190522,0.04541926851416866,16,KNN
0,artificial_train,0.5172413793103449,0.9090909090909091,0.4108831660119307,0.29320887221593656,17,KNN
1,train,0.2054794520547945,0.4326923076923077,0.28787094367877036,0.045555478697747634,17,KNN
2,val,0.0625,0.3333333333333333,0.2534722222222222,0.04589307931314277,17,KNN
3,test,0.1276595744680851,0.1935483870967742,0.24077661087739477,0.044417596423141845,17,KNN
0,artificial_train,0.5294117647058824,0.8873239436619719,0.42027138724342195,0.2957510665909533,18,KNN
1,train,0.2831050228310502,0.4881889763779528,0.29848553801533384,0.046424396285997385,18,KNN
2,val,0.10416666666666667,0.4166666666666667,0.27727326685660014,0.04653402663747491,18,KNN
3,test,0.2553191489361702,0.3333333333333333,0.2701643412729639,0.045341995885191236,18,KNN
0,artificial_train,0.5327868852459017,0.8783783783783784,0.4298706812095879,0.2990221894373379,19,KNN
1,train,0.273972602739726,0.49586776859504134,0.3019202854681513,0.046314149037993205,19,KNN
2,val,0.10416666666666667,0.45454545454545453,0.274335232668566,0.04637084515063994,19,KNN
3,test,0.2553191489361702,0.35294117647058826,0.2745830937320299,0.045687201462710325,19,KNN
0,artificial_train,0.5196850393700787,0.868421052631579,0.4194451279527559,0.29905840977550024,20,KNN
1,train,0.365296803652968,0.547945205479452,0.30981060179057784,0.0473587078852585,20,KNN
2,val,0.22916666666666666,0.6470588235294118,0.26590693257359926,0.04604399522197306,20,KNN
3,test,0.2978723404255319,0.34146341463414637,0.2621742683332829,0.044991037504174776,20,KNN
0,artificial_train,0.5307692307692308,0.8625,0.42614799649020185,0.3006447851833064,21,KNN
1,train,0.3470319634703196,0.5428571428571428,0.307685456182615,0.04718921976080416,21,KNN
2,val,0.22916666666666666,0.6470588235294118,0.2650759734093068,0.04637858433242645,21,KNN
3,test,0.2978723404255319,0.3684210526315789,0.26683514421476345,0.04589040050853452,21,KNN
0,artificial_train,0.5514705882352942,0.872093023255814,0.4378304692663582,0.3114027069800877,22,KNN
1,train,0.3561643835616438,0.5416666666666666,0.31253348809180853,0.047141214447217805,22,KNN
2,val,0.20833333333333334,0.625,0.2943969610636277,0.04699123387435076,22,KNN
3,test,0.2978723404255319,0.3684210526315789,0.29201598014587943,0.04584981463253336,22,KNN
0,artificial_train,0.574468085106383,0.8804347826086957,0.4377998539841468,0.31510552989852225,23,KNN
1,train,0.3698630136986301,0.5510204081632653,0.2943932062142765,0.046690926447830725,23,KNN
2,val,0.1875,0.6,0.2927053656220323,0.04691013472796143,23,KNN
3,test,0.3404255319148936,0.3902439024390244,0.2751884022880664,0.04594324141585805,23,KNN
0,artificial_train,0.5763888888888888,0.8736842105263158,0.44510404221425726,0.3171364758217091,24,KNN
1,train,0.3881278538812785,0.5629139072847682,0.30928314259907946,0.04753385328925119,24,KNN
2,val,0.2708333333333333,0.6842105263157895,0.27426103988603984,0.047049154673029066,24,KNN
3,test,0.44680851063829785,0.45652173913043476,0.27479495172664264,0.04889073242447352,24,KNN
0,artificial_train,0.5986394557823129,0.8627450980392157,0.4574948860663146,0.32130785737105655,25,KNN
1,train,0.3972602739726027,0.5612903225806452,0.3130198917525701,0.04793520946184817,25,KNN
2,val,0.2916666666666667,0.7368421052631579,0.2822590218423552,0.04692449871679179,25,KNN
3,test,0.44680851063829785,0.45652173913043476,0.29546623891528706,0.04904235772916907,25,KNN
0,artificial_train,0.609271523178808,0.8679245283018868,0.4438446883788443,0.31887630801426886,26,KNN
1,train,0.4292237442922374,0.573170731707317,0.31061849113270124,0.04868275128471299,26,KNN
2,val,0.3125,0.75,0.2976317663817664,0.04830278299808663,26,KNN
3,test,0.46808510638297873,0.43137254901960786,0.30540843194818557,0.0495767392813327,26,KNN
0,artificial_train,0.5844155844155844,0.8737864077669902,0.4660556834469878,0.3250630049050697,27,KNN
1,train,0.4429223744292237,0.5914634146341463,0.31518261360900385,0.049034422833982,27,KNN
2,val,0.3333333333333333,0.7272727272727273,0.2978395061728395,0.04838342254279316,27,KNN
3,test,0.46808510638297873,0.43137254901960786,0.29507278835386336,0.04899941422897797,27,KNN
0,artificial_train,0.5870967741935483,0.883495145631068,0.45027230833682447,0.31382383932265584,28,KNN
1,train,0.4474885844748858,0.6049382716049383,0.32117045838847996,0.049354167458287426,28,KNN
2,val,0.2916666666666667,0.7,0.2948866334283001,0.04785591329555078,28,KNN
3,test,0.46808510638297873,0.43137254901960786,0.2907750976060046,0.049332557052554286,28,KNN
0,artificial_train,0.5870967741935483,0.883495145631068,0.44360925136944607,0.3053747174668837,29,KNN
1,train,0.4474885844748858,0.6086956521739131,0.3182812623949431,0.04919228368299024,29,KNN
2,val,0.2916666666666667,0.7,0.29380341880341887,0.04814334076259196,29,KNN
3,test,0.46808510638297873,0.43137254901960786,0.2893828879271208,0.04928601726958797,29,KNN
0,artificial_train,0.5638297872340425,0.7681159420289855,0.5638297872340425,0.6186251793138376,1,LogReg
1,train,0.0684931506849315,0.12195121951219512,0.6926861311633745,0.28812445171349244,1,LogReg
2,val,0.0,0.0,0.6754510921177588,0.30039629721159794,1,LogReg
3,test,0.0,0.0,0.7821797161102871,0.30593413192327995,1,LogReg
0,artificial_train,0.5157894736842106,0.7903225806451613,0.5303118908382066,0.561689057948808,2,LogReg
1,train,0.0502283105022831,0.11458333333333333,0.6951077116203852,0.2988225684710232,2,LogReg
2,val,0.0,0.0,0.678923314339981,0.34133716292543964,2,LogReg
3,test,0.0,0.0,0.7885959868042735,0.325455235806481,2,LogReg
0,artificial_train,0.422680412371134,0.7454545454545455,0.5135531461073587,0.5298352187126226,3,LogReg
1,train,0.0547945205479452,0.1411764705882353,0.7061843546418497,0.3185405825377096,3,LogReg
2,val,0.0,0.0,0.694681861348528,0.36404141567572385,3,LogReg
3,test,0.0,0.0,0.7987349051178838,0.34374619850177857,3,LogReg
0,artificial_train,0.35051546391752575,0.7906976744186046,0.48465881197839955,0.47324782069100046,4,LogReg
1,train,0.045662100456621,0.1724137931034483,0.6948363276036513,0.2884053101152498,4,LogReg
2,val,0.0,0.0,0.6830484330484331,0.3004117843768568,4,LogReg
3,test,0.0,0.0,0.7856602403074967,0.29228893706997,4,LogReg
0,artificial_train,0.3163265306122449,0.8611111111111112,0.4614890400604686,0.4229109253286365,5,LogReg
1,train,0.0273972602739726,0.15384615384615385,0.6981694800143068,0.2880794505302394,5,LogReg
2,val,0.0,0.0,0.6924857549857549,0.28439811243316226,5,LogReg
3,test,0.0,0.0,0.790381647044581,0.29021369695499655,5,LogReg
0,artificial_train,0.23232323232323232,0.92,0.42845117845117836,0.3851992745236511,6,LogReg
1,train,0.0273972602739726,0.23076923076923078,0.7002862753448318,0.2832569554771705,6,LogReg
2,val,0.0,0.0,0.6951566951566952,0.2819878610533934,6,LogReg
3,test,0.0,0.0,0.7956478314820981,0.31970790933055854,6,LogReg
0,artificial_train,0.3076923076923077,0.9142857142857143,0.45030975735673723,0.3949044328409552,7,LogReg
1,train,0.0319634703196347,0.25,0.6984088546341951,0.2655358896012007,7,LogReg
2,val,0.0,0.0,0.6918625356125356,0.2627393139043146,7,LogReg
3,test,0.0,0.0,0.7911080173118248,0.30463134614961757,7,LogReg
0,artificial_train,0.2523364485981308,0.9310344827586207,0.42673136832015335,0.37968887268409013,8,LogReg
1,train,0.0365296803652968,0.2857142857142857,0.6788093617743782,0.263536646422236,8,LogReg
2,val,0.0,0.0,0.6671711775878443,0.2616031215906742,8,LogReg
3,test,0.0,0.0,0.7764595502557429,0.3285059817736664,8,LogReg
0,artificial_train,0.20909090909090908,0.8846153846153846,0.4134969325153375,0.36053234445929205,9,LogReg
1,train,0.0228310502283105,0.23809523809523808,0.6844430156191941,0.2889928470276167,9,LogReg
2,val,0.0,0.0,0.6754214150047483,0.3307933088633207,9,LogReg
3,test,0.0,0.0,0.7834508640779638,0.3839765201333885,9,LogReg
0,artificial_train,0.22123893805309736,0.8620689655172413,0.41944299843831334,0.353685673237508,10,LogReg
1,train,0.0319634703196347,0.3333333333333333,0.670177958329332,0.27177780840292426,10,LogReg
2,val,0.0,0.0,0.6590396486229819,0.2816187546689124,10,LogReg
3,test,0.0,0.0,0.7697708907115401,0.36985679327987975,10,LogReg
0,artificial_train,0.21367521367521367,0.8928571428571429,0.42586926961926963,0.35348518252755545,11,LogReg
1,train,0.0319634703196347,0.3684210526315789,0.6554383269384125,0.24371290261377568,11,LogReg
2,val,0.0,0.0,0.6437262583095917,0.26666597659769764,11,LogReg
3,test,0.0,0.0,0.754517115099422,0.3369125205677825,11,LogReg
0,artificial_train,0.29508196721311475,0.8181818181818182,0.43204872747033785,0.3586512810245157,12,LogReg
1,train,0.0365296803652968,0.38095238095238093,0.6384357703618035,0.21737335857675644,12,LogReg
2,val,0.0,0.0,0.6271367521367521,0.23802227453408892,12,LogReg
3,test,0.0,0.0,0.7364486547017343,0.29982096445129575,12,LogReg
0,artificial_train,0.3700787401574803,0.8392857142857143,0.43190669714672764,0.3622322936153779,13,LogReg
1,train,0.0502283105022831,0.4583333333333333,0.6232034726020439,0.21559135841670357,13,LogReg
2,val,0.0,0.0,0.6114078822412156,0.25402109451966787,13,LogReg
3,test,0.0,0.0,0.7235858478859599,0.31605546950897556,13,LogReg
0,artificial_train,0.3816793893129771,0.8333333333333334,0.4333651399491094,0.36454195815706825,14,LogReg
1,train,0.0502283105022831,0.4782608695652174,0.589805146275985,0.19351974390091645,14,LogReg
2,val,0.0,0.0,0.5803952991452992,0.2660031329851068,14,LogReg
3,test,0.0,0.0,0.6940467903513816,0.3176128382690219,14,LogReg
0,artificial_train,0.3358208955223881,0.9,0.4235730893272332,0.3582875756351555,15,LogReg
1,train,0.045662100456621,0.5,0.5926456323178004,0.1921447772830424,15,LogReg
2,val,0.0,0.0,0.5855591168091168,0.29956299963178773,15,LogReg
3,test,0.0,0.0,0.6980418268212221,0.3297219108360132,15,LogReg
0,artificial_train,0.35251798561151076,0.8909090909090909,0.4235435181266752,0.3615467926268698,16,LogReg
1,train,0.045662100456621,0.5,0.5886917759509227,0.22664581145399934,16,LogReg
2,val,0.0,0.0,0.5783772554605888,0.3396228000896514,16,LogReg
3,test,0.0,0.0,0.6935020126509488,0.38212526611788433,16,LogReg
0,artificial_train,0.36363636363636365,0.8813559322033898,0.42049617049617055,0.3620540280021715,17,LogReg
1,train,0.045662100456621,0.5,0.5809441102013948,0.21708279564919478,17,LogReg
2,val,0.0,0.0,0.5720560303893637,0.32439036454780573,17,LogReg
3,test,0.0,0.0,0.6855119397112678,0.3540715977597247,17,LogReg
0,artificial_train,0.3673469387755102,0.9310344827586207,0.4056122448979592,0.35840965989576967,18,LogReg
1,train,0.045662100456621,0.5263157894736842,0.5789442187550015,0.2182796191071379,18,LogReg
2,val,0.0,0.0,0.568346391263058,0.29110081265389764,18,LogReg
3,test,0.0,0.0,0.6814866378136254,0.3314131334146792,18,LogReg
0,artificial_train,0.38961038961038963,0.8823529411764706,0.44717725197177244,0.3789900114828446,19,LogReg
1,train,0.045662100456621,0.5,0.5444088629844727,0.20248533827416781,19,LogReg
2,val,0.0,0.0,0.5351080246913581,0.2816214392871804,19,LogReg
3,test,0.0,0.0,0.6449865318846281,0.3334743559983875,19,LogReg
0,artificial_train,0.39490445859872614,0.9393939393939394,0.4237923454145764,0.36904653102979573,20,LogReg
1,train,0.045662100456621,0.5263157894736842,0.5612638979930108,0.22386732055528924,20,LogReg
2,val,0.0,0.0,0.5501246438746439,0.32960985311477564,20,LogReg
3,test,0.0,0.0,0.6636300354105504,0.36952891841363567,20,LogReg
0,artificial_train,0.35403726708074534,0.9193548387096774,0.4013573570357679,0.36363664755454095,21,LogReg
1,train,0.0410958904109589,0.5,0.5561368276460985,0.22614481641864473,21,LogReg
2,val,0.0,0.0,0.5447234093067427,0.3151312339369151,21,LogReg
3,test,0.0,0.0,0.6563663327381131,0.35073050349680623,21,LogReg
0,artificial_train,0.3614457831325301,0.9090909090909091,0.40777032179350303,0.3677607427229233,22,LogReg
1,train,0.0410958904109589,0.5,0.5471449705583136,0.20657075275536413,22,LogReg
2,val,0.0,0.0,0.5363247863247863,0.2547976361070049,22,LogReg
3,test,0.0,0.0,0.6451983898792409,0.3076045816578223,22,LogReg
0,artificial_train,0.36470588235294116,0.8985507246376812,0.387037037037037,0.3621799538085048,23,LogReg
1,train,0.0410958904109589,0.5,0.5410325674737209,0.20540703674304514,23,LogReg
2,val,0.0,0.0,0.5290835707502374,0.2421894109284539,23,LogReg
3,test,0.0,0.0,0.6381162797736146,0.2957187585808809,23,LogReg
0,artificial_train,0.37142857142857144,0.8904109589041096,0.3934101382488479,0.36572839686138703,24,LogReg
1,train,0.0410958904109589,0.5,0.5364733159925905,0.17588059809723194,24,LogReg
2,val,0.0,0.0,0.5269764957264957,0.20078023078944737,24,LogReg
3,test,0.0,0.0,0.6316394782240247,0.2534514364441428,24,LogReg
0,artificial_train,0.3743016759776536,0.881578947368421,0.3785356090265254,0.3615130461752425,25,LogReg
1,train,0.0410958904109589,0.5,0.5319488573341182,0.1704344248748661,25,LogReg
2,val,0.0,0.0,0.5212191358024691,0.17967503877328672,25,LogReg
3,test,0.0,0.0,0.6271904603371569,0.24422892650134703,25,LogReg
0,artificial_train,0.3804347826086957,0.875,0.3852925130099043,0.36444872144558943,26,LogReg
1,train,0.0410958904109589,0.5,0.5267591599064212,0.14823754792772179,26,LogReg
2,val,0.0,0.0,0.519082383665717,0.15729751695902566,26,LogReg
3,test,0.0,0.0,0.6204715353651524,0.2121163801997846,26,LogReg
0,artificial_train,0.3829787234042553,0.8674698795180723,0.36420112404656757,0.35825802676806756,27,LogReg
1,train,0.0410958904109589,0.5,0.530373438324155,0.15736293632387416,27,LogReg
2,val,0.0,0.0,0.5207146248812916,0.16347103871267954,27,LogReg
3,test,0.0,0.0,0.6254048000968493,0.22396386844638266,27,LogReg
0,artificial_train,0.3917525773195876,0.8636363636363636,0.38815965967884103,0.3693132641118407,28,LogReg
1,train,0.0410958904109589,0.5,0.519010102443987,0.15725244835111432,28,LogReg
2,val,0.0,0.0,0.5101792497625831,0.17066205830516223,28,LogReg
3,test,0.0,0.0,0.6117248267304258,0.2286465359401629,28,LogReg
0,artificial_train,0.3939393939393939,0.8571428571428571,0.3708815426997245,0.3642820476000826,29,LogReg
1,train,0.0410958904109589,0.5,0.5297207249710871,0.16459074924021314,29,LogReg
2,val,0.0,0.0,0.5200914055080722,0.17416764004771515,29,LogReg
3,test,0.0,0.0,0.6248297569686148,0.23510072182953348,29,LogReg
0,artificial_train,0.9130434782608695,0.9130434782608695,0.46265604821351697,0.47025485055108074,1,DT
1,train,0.4474885844748858,0.10888888888888888,0.5150708590626256,0.06442428599396477,1,DT
2,val,0.4375,0.11351351351351352,0.5209520417853751,0.0666236727979662,1,DT
3,test,0.3617021276595745,0.08173076923076923,0.5229109288459792,0.06551408811312419,1,DT
0,artificial_train,0.9456521739130435,0.8877551020408163,0.5675675675675675,0.5094946043105109,2,DT
1,train,0.2420091324200913,0.02774869109947644,0.4868107367867297,0.06102885134364477,2,DT
2,val,0.22916666666666666,0.02743142144638404,0.4983084045584045,0.06381653526988773,2,DT
3,test,0.19148936170212766,0.023622047244094488,0.5081867982203928,0.06368967210860298,2,DT
0,artificial_train,0.967391304347826,0.8018018018018018,0.41133668702838666,0.38857378864352043,3,DT
1,train,0.1187214611872146,0.0771513353115727,0.51261518163941,0.06409714629513188,3,DT
2,val,0.10416666666666667,0.07936507936507936,0.5211004273504274,0.06663279132791328,3,DT
3,test,0.0425531914893617,0.03278688524590164,0.5131351956659908,0.06430371880935085,3,DT
0,artificial_train,0.7934782608695652,0.9733333333333334,0.5476269498838368,0.45518027459839194,4,DT
1,train,0.0365296803652968,0.06201550387596899,0.500139867147086,0.06257800668007499,4,DT
2,val,0.020833333333333332,0.05,0.48988010446343777,0.06278548483184906,4,DT
3,test,0.0,0.0,0.523470839260313,0.06555090655509066,4,DT
0,artificial_train,0.7934782608695652,0.9605263157894737,0.5626349059512797,0.4446803705359569,5,DT
1,train,0.1232876712328767,0.08881578947368421,0.5075256875409685,0.06345897557040747,5,DT
2,val,0.10416666666666667,0.08333333333333333,0.5034128679962012,0.06435184873729728,5,DT
3,test,0.02127659574468085,0.018867924528301886,0.5276474682969643,0.0662054898113516,5,DT
0,artificial_train,0.8064516129032258,0.9615384615384616,0.5828315412186379,0.4431530843482417,6,DT
1,train,0.0502283105022831,0.07971014492753623,0.5025280464943448,0.06286687918137829,6,DT
2,val,0.020833333333333332,0.045454545454545456,0.49569681861348536,0.06347742031856848,6,DT
3,test,0.0,0.0,0.5086407796374202,0.06371873659543313,6,DT
0,artificial_train,0.8064516129032258,0.9615384615384616,0.5569556451612904,0.39535939042026214,7,DT
1,train,0.0502283105022831,0.08661417322834646,0.5033289772719365,0.06296823376818583,7,DT
2,val,0.020833333333333332,0.05263157894736842,0.4966613247863248,0.06360780333784394,7,DT
3,test,0.02127659574468085,0.045454545454545456,0.4958536363911504,0.06218364898872792,7,DT
0,artificial_train,0.7849462365591398,0.9864864864864865,0.7089500316255534,0.5476623749522399,8,DT
1,train,0.4429223744292237,0.09613478691774034,0.5836586462251874,0.07482584122784473,8,DT
2,val,0.22916666666666666,0.0502283105022831,0.49691358024691357,0.06425936495844006,8,DT
3,test,0.3617021276595745,0.07172995780590717,0.5342907296994642,0.06702344760487419,8,DT
0,artificial_train,0.7021276595744681,0.9850746268656716,0.5780042790918817,0.386214515563702,9,DT
1,train,0.1278538812785388,0.15555555555555556,0.5089842026668003,0.06364969200590719,9,DT
2,val,0.10416666666666667,0.14705882352941177,0.5074637939221273,0.06491239581937225,9,DT
3,test,0.02127659574468085,0.02702702702702703,0.5052510517236162,0.06329546717953279,9,DT
0,artificial_train,0.7553191489361702,0.9594594594594594,0.7339299786108295,0.5864793495398353,10,DT
1,train,0.547945205479452,0.12371134020618557,0.6249396344526881,0.09275043597900835,10,DT
2,val,0.4583333333333333,0.1004566210045662,0.5673076923076923,0.07766800280535235,10,DT
3,test,0.6382978723404256,0.1276595744680851,0.6550195212009322,0.10348529780254015,10,DT
0,artificial_train,0.7127659574468085,0.9436619718309859,0.5890356035496632,0.41377160805347674,11,DT
1,train,0.3424657534246575,0.18159806295399517,0.6301961340998887,0.09698910674313761,11,DT
2,val,0.3958333333333333,0.23170731707317074,0.6334134615384615,0.11575124767668483,11,DT
3,test,0.40425531914893614,0.20212765957446807,0.647074846402954,0.10606405715107434,11,DT
0,artificial_train,0.7052631578947368,0.9305555555555556,0.5948127530364372,0.4511771845115155,12,DT
1,train,0.3470319634703196,0.17674418604651163,0.6384093278165833,0.0992537107801852,12,DT
2,val,0.4166666666666667,0.23809523809523808,0.6527184235517568,0.12320109425493102,12,DT
3,test,0.425531914893617,0.20408163265306123,0.6450167973124301,0.10487968729146838,12,DT
0,artificial_train,0.6736842105263158,0.8767123287671232,0.6246016417189765,0.502515819077231,13,DT
1,train,0.3561643835616438,0.18660287081339713,0.6392986323637271,0.10248637443498336,13,DT
2,val,0.4375,0.25,0.6585796533713199,0.12867513130793443,13,DT
3,test,0.425531914893617,0.2127659574468085,0.6537786386610575,0.10986554191149608,13,DT
0,artificial_train,0.6736842105263158,0.8767123287671232,0.6002770083102492,0.4174988999885118,14,DT
1,train,0.1232876712328767,0.11587982832618025,0.5421730762004567,0.06874711822817323,14,DT
2,val,0.125,0.13636363636363635,0.5367996201329535,0.07076727641814301,14,DT
3,test,0.06382978723404255,0.07142857142857142,0.5029962773523804,0.06320519865037812,14,DT
0,artificial_train,0.5714285714285714,1.0,0.6260312635692574,0.42734297894034684,15,DT
1,train,0.4063926940639269,0.10265282583621683,0.583482594542537,0.07734465855058589,15,DT
2,val,0.20833333333333334,0.0546448087431694,0.48533950617283944,0.06238339438339438,15,DT
3,test,0.3404255319148936,0.07476635514018691,0.5150873157592083,0.06468713251866776,15,DT
0,artificial_train,0.5510204081632653,1.0,0.6440233236151603,0.48511860941879814,16,DT
1,train,0.589041095890411,0.11385701676963812,0.6430472110769213,0.09205991210237775,16,DT
2,val,0.5208333333333334,0.099601593625498,0.6078021130104464,0.08448529663482934,16,DT
3,test,0.6595744680851063,0.11231884057971014,0.6462576798523046,0.09227405810720257,16,DT
0,artificial_train,0.5454545454545454,1.0,0.6480752405949256,0.48205051280645206,17,DT
1,train,0.5981735159817352,0.1153169014084507,0.6497858849693615,0.09365695965305788,17,DT
2,val,0.5208333333333334,0.0992063492063492,0.6055911680911681,0.08422732426303856,17,DT
3,test,0.6595744680851063,0.11191335740072202,0.6439575073393663,0.09185541745663929,17,DT
0,artificial_train,0.5454545454545454,1.0,0.6324035812672177,0.4115813269001086,18,DT
1,train,0.4063926940639269,0.10289017341040463,0.584645370675774,0.07759919285766465,18,DT
2,val,0.20833333333333334,0.054945054945054944,0.48655626780626776,0.06251659558504126,18,DT
3,test,0.3404255319148936,0.07547169811320754,0.5162222693017765,0.06484051319568596,18,DT
0,artificial_train,0.5656565656565656,0.9824561403508771,0.7087296320872961,0.49356760846295966,19,DT
1,train,0.410958904109589,0.08341056533827618,0.5955863216888716,0.07896354532300359,19,DT
2,val,0.20833333333333334,0.045871559633027525,0.5070779914529915,0.06516872143108299,19,DT
3,test,0.3404255319148936,0.06177606177606178,0.5541902484791622,0.06994496739552508,19,DT
0,artificial_train,0.5454545454545454,1.0,0.661758429364063,0.47376690701095353,20,DT
1,train,0.4155251141552511,0.104959630911188,0.598231967923801,0.08053887368316683,20,DT
2,val,0.20833333333333334,0.054945054945054944,0.49373812915479587,0.0633683556545109,20,DT
3,test,0.3404255319148936,0.07511737089201878,0.5238945552495385,0.0658371724986812,20,DT
0,artificial_train,0.54,1.0,0.6377986348122866,0.4006730550770951,21,DT
1,train,0.4063926940639269,0.10289017341040463,0.586176950729188,0.07777277842762444,21,DT
2,val,0.20833333333333334,0.054945054945054944,0.4865265906932573,0.06256744287756347,21,DT
3,test,0.3404255319148936,0.07547169811320754,0.516010411307164,0.06475308381896261,21,DT
0,artificial_train,0.54,1.0,0.6824752475247525,0.5966840863856031,22,DT
1,train,0.4063926940639269,0.10433763188745604,0.6687103970696093,0.09672829674110328,22,DT
2,val,0.1875,0.05027932960893855,0.6293328584995252,0.09211243058880474,22,DT
3,test,0.3404255319148936,0.07547169811320754,0.6402045942919403,0.08680493804907072,22,DT
0,artificial_train,0.5544554455445545,0.9824561403508771,0.6612877633917237,0.4585293666399401,23,DT
1,train,0.6027397260273972,0.11691762621789194,0.6375916964841157,0.09156046627036729,23,DT
2,val,0.5208333333333334,0.10080645161290322,0.6030982905982907,0.08400693825116759,23,DT
3,test,0.6595744680851063,0.11191335740072202,0.6572288974304652,0.09519527492957224,23,DT
0,artificial_train,0.5,1.0,0.7041261987661108,0.5923005589111419,24,DT
1,train,0.1278538812785388,0.13145539906103287,0.5445619514041689,0.07168391725323339,24,DT
2,val,0.125,0.14634146341463414,0.5479136989553657,0.0777450845907636,24,DT
3,test,0.06382978723404255,0.075,0.5249235797948003,0.06607710941832297,24,DT
0,artificial_train,0.5339805825242718,0.9821428571428571,0.6412032950867903,0.4892298882405951,25,DT
1,train,0.2922374429223744,0.27350427350427353,0.6242917920947924,0.12091277246669573,25,DT
2,val,0.3541666666666667,0.3148148148148148,0.6531487416904084,0.15385622982480976,25,DT
3,test,0.3829787234042553,0.27692307692307694,0.6771889470657667,0.15040792453663565,25,DT
0,artificial_train,0.5192307692307693,0.9818181818181818,0.7183599954617653,0.5717199392380363,26,DT
1,train,0.4063926940639269,0.10372960372960373,0.5905942474938729,0.08070552697230318,26,DT
2,val,0.20833333333333334,0.05555555555555555,0.48615562678062674,0.06276361001496088,26,DT
3,test,0.3617021276595745,0.07981220657276995,0.5458672558336612,0.07006072890780833,26,DT
0,artificial_train,0.5192307692307693,0.9818181818181818,0.6927622878554112,0.566964518546042,27,DT
1,train,0.4063926940639269,0.10372960372960373,0.5900069446474026,0.0797771352773757,27,DT
2,val,0.20833333333333334,0.05555555555555555,0.48766915954415957,0.06223815630200716,27,DT
3,test,0.3617021276595745,0.07981220657276995,0.5485911443358251,0.06987196415505194,27,DT
0,artificial_train,0.5673076923076923,0.9833333333333333,0.6058361902721233,0.3136891705653311,28,DT
1,train,0.4474885844748858,0.1084070796460177,0.5152162930613371,0.06447766756800036,28,DT
2,val,0.22916666666666666,0.0582010582010582,0.5124643874643875,0.06556372900064356,28,DT
3,test,0.3617021276595745,0.07692307692307693,0.5205350927635363,0.06519865488815076,28,DT
0,artificial_train,0.4666666666666667,1.0,0.6835015527950311,0.548465860695369,29,DT
1,train,0.4063926940639269,0.10495283018867925,0.6475027799465304,0.08958253910124145,29,DT
2,val,0.1875,0.05027932960893855,0.5483736942070275,0.07108170357587958,29,DT
3,test,0.3404255319148936,0.07547169811320754,0.5862262038073909,0.07530341327205828,29,DT
0,artificial_train,0.5652173913043478,0.7761194029850746,0.4884847180370211,0.5766211654391795,1,NB
1,train,0.2694063926940639,0.20774647887323944,0.649499887967111,0.1499948685956111,1,NB
2,val,0.3125,0.3125,0.6409959639126306,0.1820120272846145,1,NB
3,test,0.2978723404255319,0.208955223880597,0.6992827093610968,0.1453221092159026,1,NB
0,artificial_train,0.5789473684210527,0.7638888888888888,0.4971734892787525,0.5563916809977332,2,NB
1,train,0.0867579908675799,0.09547738693467336,0.547075384912997,0.18767988219072712,2,NB
2,val,0.16666666666666666,0.23529411764705882,0.4378561253561254,0.10895763830423372,2,NB
3,test,0.02127659574468085,0.022222222222222223,0.5375139977603584,0.18878053289406224,2,NB
0,artificial_train,0.4375,0.8076923076923077,0.417156339031339,0.4941273396614868,3,NB
1,train,0.0502283105022831,0.0859375,0.6490058298853646,0.22081122701525396,3,NB
2,val,0.041666666666666664,0.11764705882352941,0.5703050807217473,0.12655600443794843,3,NB
3,test,0.0,0.0,0.7050028752156412,0.22495376070040785,3,NB
0,artificial_train,0.7422680412371134,0.72,0.550114547537228,0.4570236673983835,4,NB
1,train,0.0410958904109589,0.08181818181818182,0.7059046203476776,0.23554722495041217,4,NB
2,val,0.0,0.0,0.71542616334283,0.30787634304040346,4,NB
3,test,0.0,0.0,0.7871432462697859,0.2982884474449424,4,NB
0,artificial_train,0.4536082474226804,0.7586206896551724,0.41468314129775624,0.3942660441522924,5,NB
1,train,0.0365296803652968,0.12698412698412698,0.6988924748691442,0.23333571700406627,5,NB
2,val,0.0,0.0,0.7085113960113961,0.2959283438776771,5,NB
3,test,0.0,0.0,0.7825126358161073,0.2964713538112207,5,NB
0,artificial_train,0.3402061855670103,0.825,0.3887515887586499,0.3729460424990102,6,NB
1,train,0.0273972602739726,0.125,0.6997977841147105,0.234316959072562,6,NB
2,val,0.0,0.0,0.7100842830009497,0.2955511052696673,6,NB
3,test,0.0,0.0,0.7839351109227929,0.29962133771836597,6,NB
0,artificial_train,0.3163265306122449,0.8157894736842105,0.41369321922317315,0.36094103169037806,7,NB
1,train,0.0273972602739726,0.13636363636363635,0.6935740439976118,0.23017904272291917,7,NB
2,val,0.0,0.0,0.7048017568850902,0.29193491469648625,7,NB
3,test,0.0,0.0,0.7784570684906631,0.2958611222088949,7,NB
0,artificial_train,0.29292929292929293,0.8529411764705882,0.41654348361665433,0.3467381288764125,8,NB
1,train,0.0228310502283105,0.1388888888888889,0.6935990948299258,0.22842261561702132,8,NB
2,val,0.0,0.0,0.7060778727445394,0.29183125097911633,8,NB
3,test,0.0,0.0,0.7783662722072576,0.292752134334712,8,NB
0,artificial_train,0.25742574257425743,0.8666666666666667,0.3941975592908128,0.32319747916752584,9,NB
1,train,0.0228310502283105,0.17857142857142858,0.6960332007030933,0.2311129313793325,9,NB
2,val,0.0,0.0,0.7086894586894587,0.29307504567483317,9,NB
3,test,0.0,0.0,0.7814230804152418,0.3014053190544859,9,NB
0,artificial_train,0.2621359223300971,0.9310344827586207,0.39857065803667746,0.31696800756368854,10,NB
1,train,0.0228310502283105,0.19230769230769232,0.6980790186753955,0.23159414786883803,10,NB
2,val,0.0,0.0,0.7101436372269705,0.29444695148973526,10,NB
3,test,0.0,0.0,0.783087678944342,0.3017730709136561,10,NB
0,artificial_train,0.22330097087378642,0.92,0.4064895247828309,0.30601673082046876,11,NB
1,train,0.0182648401826484,0.16,0.6962920593036703,0.231708851120889,11,NB
2,val,0.0,0.0,0.7091049382716049,0.29428768305435865,11,NB
3,test,0.0,0.0,0.7818165309766653,0.30176809465719034,11,NB
0,artificial_train,0.2830188679245283,0.9090909090909091,0.38449382243080166,0.2913732925279181,12,NB
1,train,0.0228310502283105,0.2,0.6975251169386769,0.23159238533289456,12,NB
2,val,0.0,0.0,0.7103513770180437,0.2962766375187121,12,NB
3,test,0.0,0.0,0.7826639629551164,0.30165006226299856,12,NB
0,artificial_train,0.24770642201834864,0.9642857142857143,0.3647013851412124,0.2791029061132718,13,NB
1,train,0.0182648401826484,0.2,0.6971298704732797,0.22930342095829567,13,NB
2,val,0.0,0.0,0.7110339506172839,0.2982820977711675,13,NB
3,test,0.0,0.0,0.7824521049605037,0.29800689339759395,13,NB
0,artificial_train,0.23214285714285715,1.0,0.34652166553825325,0.2718799586770645,14,NB
1,train,0.0136986301369863,0.1875,0.6977039520471401,0.22786530425063853,14,NB
2,val,0.0,0.0,0.7115829772079773,0.29941811623833076,14,NB
3,test,0.0,0.0,0.7825580339578101,0.2968863158132864,14,NB
0,artificial_train,0.21052631578947367,1.0,0.3439677962028359,0.2684634688389898,15,NB
1,train,0.0136986301369863,0.21428571428571427,0.6989752817870707,0.22565209305537864,15,NB
2,val,0.0,0.0,0.7136010208926876,0.29894434709573026,15,NB
3,test,0.0,0.0,0.7828152900941255,0.2930908476602949,15,NB
0,artificial_train,0.2222222222222222,0.9629629629629629,0.3216095605476137,0.2589177809830291,16,NB
1,train,0.0136986301369863,0.21428571428571427,0.6963171101359843,0.22629928873238558,16,NB
2,val,0.0,0.0,0.7104700854700856,0.29858018580027174,16,NB
3,test,0.0,0.0,0.7810901607094217,0.2957216223624641,16,NB
0,artificial_train,0.18333333333333332,1.0,0.3333869814020029,0.2638915608078233,17,NB
1,train,0.0091324200913242,0.2222222222222222,0.6979579396525449,0.22374159151093612,17,NB
2,val,0.0,0.0,0.7120132953466287,0.29975024345852336,17,NB
3,test,0.0,0.0,0.7818467964044672,0.29151031148321016,17,NB
0,artificial_train,0.1557377049180328,1.0,0.354686756002993,0.2674314408751063,18,NB
1,train,0.0091324200913242,0.5,0.6974416141642973,0.22244295401492697,18,NB
2,val,0.0,0.0,0.7114494301994302,0.2998368677235558,18,NB
3,test,0.0,0.0,0.7806361792923944,0.29173579856547177,18,NB
0,artificial_train,0.16129032258064516,1.0,0.377914885347843,0.27239052931462227,19,NB
1,train,0.0091324200913242,0.6666666666666666,0.6967415825724144,0.2201939409535587,19,NB
2,val,0.0,0.0,0.7105591168091169,0.2997334169205086,19,NB
3,test,0.0,0.0,0.7794860930359251,0.2915868175608955,19,NB
0,artificial_train,0.168,1.0,0.377984496124031,0.269557056069571,20,NB
1,train,0.0091324200913242,0.6666666666666666,0.695000549726598,0.2196516074924432,20,NB
2,val,0.0,0.0,0.708511396011396,0.2985567277412149,20,NB
3,test,0.0,0.0,0.7782452104960504,0.29008034910057506,20,NB
0,artificial_train,0.1875,1.0,0.38450766509433965,0.2718768792485524,21,NB
1,train,0.0136986301369863,0.75,0.6910828778952848,0.2174899807258714,21,NB
2,val,0.0,0.0,0.7047720797720798,0.2968108143595231,21,NB
3,test,0.0,0.0,0.7735843346145698,0.28753749144856494,21,NB
0,artificial_train,0.183206106870229,1.0,0.3943365514144589,0.27359959707335685,22,NB
1,train,0.0091324200913242,0.6666666666666666,0.7000663847056319,0.22140766269240775,22,NB
2,val,0.0,0.0,0.7109449192782527,0.30202324626087357,22,NB
3,test,0.0,0.0,0.7821191852546836,0.29097859075561483,22,NB
0,artificial_train,0.19548872180451127,1.0,0.39559613319011816,0.2720402247095621,23,NB
1,train,0.0091324200913242,0.6666666666666666,0.6961097449129414,0.2201997214113984,23,NB
2,val,0.0,0.0,0.7062559354226021,0.2992276128802605,23,NB
3,test,0.0,0.0,0.7785781302018703,0.28891412042047204,23,NB
0,artificial_train,0.2074074074074074,0.9655172413793104,0.39539609053497937,0.2728861455233482,24,NB
1,train,0.0091324200913242,0.6666666666666666,0.6965836231575461,0.21993876810073684,24,NB
2,val,0.0,0.0,0.7066417378917379,0.29996181024321333,24,NB
3,test,0.0,0.0,0.7786991919130777,0.28857960645449177,24,NB
0,artificial_train,0.21739130434782608,0.9375,0.3982436747727831,0.27671583506509445,25,NB
1,train,0.0091324200913242,0.6666666666666666,0.6942003148054596,0.21812407444024476,25,NB
2,val,0.0,0.0,0.7050985280151947,0.2985455007914155,25,NB
3,test,0.0,0.0,0.776610877394752,0.28803637869309506,25,NB
0,artificial_train,0.2198581560283688,1.0,0.39807900051665024,0.2773728285728406,26,NB
1,train,0.0091324200913242,1.0,0.6926297667906682,0.21716089534292946,26,NB
2,val,0.0,0.0,0.7051875593542261,0.29682401486101745,26,NB
3,test,0.0,0.0,0.7746133591598319,0.2868981405291392,26,NB
0,artificial_train,0.27586206896551724,0.8888888888888888,0.4075459023734886,0.2790824560285776,27,NB
1,train,0.0182648401826484,0.4,0.6890746361714534,0.21489162370090065,27,NB
2,val,0.0,0.0,0.7027985517568851,0.2952521440796238,27,NB
3,test,0.0,0.0,0.7711328349626223,0.28498094788750095,27,NB
0,artificial_train,0.2328767123287671,0.8947368421052632,0.4025755153191305,0.27077475977420956,28,NB
1,train,0.0091324200913242,0.6666666666666666,0.7008492232154414,0.22086706381696888,28,NB
2,val,0.0,0.0,0.7106629867046534,0.30113508811904544,28,NB
3,test,0.0,0.0,0.7817862655488635,0.28874351676641674,28,NB
0,artificial_train,0.23648648648648649,1.0,0.40355509355509356,0.27058960721839814,29,NB
1,train,0.0091324200913242,1.0,0.6980323962930335,0.2203234937593222,29,NB
2,val,0.0,0.0,0.7077991452991452,0.30041148849380594,29,NB
3,test,0.0,0.0,0.7797887473139433,0.2882458182217936,29,NB
